id,case,start_datetime,end_datetime,event
0,01,2018-03-11T08:25:46,2018-03-11T08:42:18,Kitchen
1,01,2018-03-11T08:43:22,2018-03-11T08:52:07,Restaurant/Bar
2,01,2018-03-11T08:52:39,2018-03-11T08:53:11,Kitchen
3,01,2018-03-11T08:53:43,2018-03-11T08:53:43,Livingroom
4,01,2018-03-11T08:54:15,2018-03-11T08:55:51,Kitchen
5,01,2018-03-11T08:56:23,2018-03-11T08:58:31,Balcony
6,01,2018-03-11T08:59:03,2018-03-11T09:36:46,Livingroom
7,01,2018-03-11T12:00:06,2018-03-11T12:37:22,Office
8,01,2018-03-11T12:37:54,2018-03-11T12:43:59,Kitchen
9,01,2018-03-11T12:44:31,2018-03-11T12:53:03,Restaurant/Bar
10,01,2018-03-11T12:53:35,2018-03-11T12:54:39,Kitchen
11,01,2018-03-11T12:55:43,2018-03-11T12:56:47,Balcony
12,01,2018-03-11T12:57:19,2018-03-11T12:57:19,Livingroom
13,01,2018-03-11T12:57:51,2018-03-11T12:59:59,Kitchen
14,01,2018-03-11T13:01:16,2018-03-11T13:01:16,Livingroom
15,01,2018-03-11T13:04:45,2018-03-11T13:04:45,Otherrooms
16,01,2018-03-11T13:05:17,2018-03-11T13:11:41,Pathways
17,01,2018-03-11T13:12:13,2018-03-11T13:13:17,Others
18,01,2018-03-11T13:13:49,2018-03-11T13:18:37,Pathways
19,01,2018-03-11T13:19:09,2018-03-11T13:19:09,Forest/field/jungle
20,01,2018-03-11T13:19:41,2018-03-11T13:19:41,Pathways
21,01,2018-03-11T13:20:13,2018-03-11T13:20:45,Otherrooms
22,01,2018-03-11T13:21:30,2018-03-11T13:21:30,Kitchen
23,01,2018-03-11T15:22:37,2018-03-11T15:22:37,Balcony
24,01,2018-03-11T15:23:22,2018-03-11T15:23:22,Livingroom
25,01,2018-03-11T15:23:54,2018-03-11T15:23:54,Balcony
26,01,2018-03-11T15:24:26,2018-03-11T15:25:30,Livingroom
27,01,2018-03-11T15:26:02,2018-03-11T15:26:34,Otherrooms
28,01,2018-03-11T15:27:06,2018-03-11T15:27:06,Pathways
29,01,2018-03-11T15:27:38,2018-03-11T15:27:38,Others
30,01,2018-03-11T15:28:10,2018-03-11T15:43:06,Pathways
31,01,2018-03-11T15:43:51,2018-03-11T15:58:16,Transportation
32,01,2018-03-11T15:58:48,2018-03-11T16:06:29,Pathways
33,01,2018-03-11T16:07:01,2018-03-11T16:12:21,Garden
34,01,2018-03-11T16:12:53,2018-03-11T16:15:01,Pathways
35,01,2018-03-11T16:15:33,2018-03-11T16:22:29,Garden
36,01,2018-03-11T16:23:01,2018-03-11T16:23:01,Pathways
37,01,2018-03-11T16:23:33,2018-03-11T16:35:30,Forest/field/jungle
38,01,2018-03-11T16:36:02,2018-03-11T16:36:02,Pathways
39,01,2018-03-11T16:36:34,2018-03-11T16:49:03,Forest/field/jungle
40,01,2018-03-11T16:49:35,2018-03-11T16:49:35,Others
41,01,2018-03-11T16:50:06,2018-03-11T16:50:39,Mountains/hills/desert/sky
42,01,2018-03-11T16:51:11,2018-03-11T16:51:43,Others
43,01,2018-03-11T16:52:15,2018-03-11T16:53:19,Mountains/hills/desert/sky
44,01,2018-03-11T16:53:51,2018-03-11T17:10:36,Forest/field/jungle
45,01,2018-03-11T17:11:07,2018-03-11T17:11:07,Garden
46,01,2018-03-11T17:11:40,2018-03-11T17:11:40,Pathways
47,01,2018-03-11T17:12:12,2018-03-11T17:12:44,Garden
48,01,2018-03-11T17:13:16,2018-03-11T17:13:16,Buildings
49,01,2018-03-11T17:13:48,2018-03-11T17:14:52,Garden
50,01,2018-03-11T17:15:24,2018-03-11T17:18:36,Pathways
51,01,2018-03-11T17:19:08,2018-03-11T17:22:20,Garden
52,01,2018-03-11T17:22:52,2018-03-11T17:25:00,Mountains/hills/desert/sky
53,01,2018-03-11T17:25:32,2018-03-11T17:27:21,Pathways
54,01,2018-03-11T17:27:53,2018-03-11T17:30:33,Garden
55,01,2018-03-11T17:31:05,2018-03-11T17:41:13,Pathways
56,01,2018-03-11T17:41:45,2018-03-11T17:44:56,Shop
57,01,2018-03-11T17:45:28,2018-03-11T17:51:34,Pathways
58,01,2018-03-11T17:52:05,2018-03-11T17:54:45,Restaurant/Bar
59,01,2018-03-11T17:55:17,2018-03-11T17:55:49,Pathways
60,01,2018-03-11T17:56:21,2018-03-11T17:57:57,Others
61,01,2018-03-11T17:58:29,2018-03-11T17:59:01,Pathways
62,01,2018-03-11T17:59:33,2018-03-11T18:12:34,Restaurant/Bar
63,01,2018-03-11T18:13:06,2018-03-11T18:14:42,Pathways
64,01,2018-03-11T18:15:14,2018-03-11T18:16:18,Others
65,01,2018-03-11T18:16:50,2018-03-11T18:17:54,Pathways
66,01,2018-03-11T18:18:26,2018-03-11T18:34:39,Transportation
67,01,2018-03-11T18:35:11,2018-03-11T18:41:35,Pathways
68,01,2018-03-11T18:42:07,2018-03-11T18:42:39,Otherrooms
69,01,2018-03-11T18:43:11,2018-03-11T18:44:47,Kitchen
70,01,2018-03-11T18:45:19,2018-03-11T18:46:23,Otherrooms
71,01,2018-03-11T18:46:55,2018-03-11T19:37:02,Bedroom
72,01,2018-03-11T19:38:06,2018-03-11T19:38:38,Pathways
73,01,2018-03-11T19:39:10,2018-03-11T19:40:14,Shop
74,01,2018-03-11T19:40:46,2018-03-11T19:41:18,Pathways
75,01,2018-03-11T19:41:50,2018-03-11T19:42:54,Otherrooms
76,01,2018-03-11T19:43:26,2018-03-11T19:50:35,Bathroom
77,01,2018-03-11T19:51:07,2018-03-11T19:51:07,Kitchen
0,02,2018-03-18T08:24:14,2018-03-18T08:27:58,Livingroom
1,02,2018-03-18T08:28:30,2018-03-18T08:42:54,Kitchen
2,02,2018-03-18T08:43:39,2018-03-18T08:48:59,Restaurant/Bar
3,02,2018-03-18T08:49:31,2018-03-18T08:50:03,Kitchen
4,02,2018-03-18T08:50:35,2018-03-18T08:54:19,Restaurant/Bar
5,02,2018-03-18T08:55:23,2018-03-18T08:59:07,Balcony
6,02,2018-03-18T08:59:39,2018-03-18T08:59:39,Livingroom
7,02,2018-03-18T09:00:11,2018-03-18T09:05:44,Kitchen
8,02,2018-03-18T09:06:16,2018-03-18T09:06:16,Others
9,02,2018-03-18T09:06:48,2018-03-18T09:06:48,Kitchen
10,02,2018-03-18T09:07:20,2018-03-18T09:08:56,Pathways
11,02,2018-03-18T09:09:28,2018-03-18T09:09:28,Kitchen
12,02,2018-03-18T09:10:00,2018-03-18T09:10:00,Bedroom
13,02,2018-03-18T09:11:04,2018-03-18T09:11:04,Livingroom
14,02,2018-03-18T09:11:36,2018-03-18T09:13:12,Kitchen
15,02,2018-03-18T12:10:03,2018-03-18T12:15:55,Restaurant/Bar
16,02,2018-03-18T12:16:27,2018-03-18T12:22:19,Kitchen
17,02,2018-03-18T12:22:51,2018-03-18T12:22:51,Otherrooms
18,02,2018-03-18T12:23:55,2018-03-18T12:25:31,Livingroom
19,02,2018-03-18T12:26:35,2018-03-18T12:26:35,Bedroom
20,02,2018-03-18T12:27:39,2018-03-18T12:28:11,Kitchen
21,02,2018-03-18T12:28:56,2018-03-18T12:28:56,Livingroom
22,02,2018-03-18T12:30:00,2018-03-18T12:30:00,Kitchen
23,02,2018-03-18T12:30:32,2018-03-18T12:30:32,Livingroom
24,02,2018-03-18T12:31:04,2018-03-18T12:31:57,Balcony
25,02,2018-03-18T12:33:59,2018-03-18T12:33:59,Livingroom
26,02,2018-03-18T12:34:40,2018-03-18T12:35:33,Balcony
27,02,2018-03-18T12:36:05,2018-03-18T12:38:13,Kitchen
28,02,2018-03-18T12:39:17,2018-03-18T12:40:53,Otherrooms
29,02,2018-03-18T12:41:25,2018-03-18T12:41:57,Buildings
30,02,2018-03-18T12:42:29,2018-03-18T13:01:22,Transportation
31,02,2018-03-18T13:01:54,2018-03-18T14:27:02,Beach
32,02,2018-03-18T14:27:34,2018-03-18T14:39:31,Mountains/hills/desert/sky
33,02,2018-03-18T14:40:03,2018-03-18T14:45:55,Beach
34,02,2018-03-18T14:46:27,2018-03-18T14:52:32,Buildings
35,02,2018-03-18T14:53:04,2018-03-18T15:01:36,Transportation
36,02,2018-03-18T15:02:08,2018-03-18T15:02:08,Garden
37,02,2018-03-18T15:02:40,2018-03-18T15:09:04,Transportation
38,02,2018-03-18T15:09:36,2018-03-18T15:10:08,Others
39,02,2018-03-18T15:10:40,2018-03-18T15:36:10,Pathways
40,02,2018-03-18T15:36:42,2018-03-18T15:37:46,Beach
41,02,2018-03-18T15:38:18,2018-03-18T15:42:02,Pathways
42,02,2018-03-18T15:42:34,2018-03-18T15:43:06,Shop
43,02,2018-03-18T15:43:38,2018-03-18T15:43:38,Others
44,02,2018-03-18T15:44:10,2018-03-18T15:56:39,Restaurant/Bar
45,02,2018-03-18T15:57:11,2018-03-18T15:57:11,Pathways
46,02,2018-03-18T15:57:43,2018-03-18T15:59:19,Shop
47,02,2018-03-18T15:59:51,2018-03-18T16:04:39,Pathways
48,02,2018-03-18T16:05:11,2018-03-18T16:06:15,Others
49,02,2018-03-18T16:06:47,2018-03-18T16:08:23,Pathways
50,02,2018-03-18T16:08:55,2018-03-18T17:00:14,Transportation
51,02,2018-03-18T17:00:46,2018-03-18T17:02:22,Pathways
52,02,2018-03-18T17:02:54,2018-03-18T17:04:30,Forest/field/jungle
53,02,2018-03-18T17:05:02,2018-03-18T17:09:50,Pathways
54,02,2018-03-18T17:10:22,2018-03-18T17:11:26,Mountains/hills/desert/sky
0,03,2018-03-10T08:07:58,2018-03-10T08:22:32,Kitchen
1,03,2018-03-10T08:23:04,2018-03-10T08:23:04,Bathroom
2,03,2018-03-10T08:23:36,2018-03-10T08:23:36,Kitchen
3,03,2018-03-10T08:24:08,2018-03-10T08:29:09,Restaurant/Bar
4,03,2018-03-10T08:29:41,2018-03-10T08:29:41,Kitchen
5,03,2018-03-10T08:30:13,2018-03-10T08:33:25,Restaurant/Bar
6,03,2018-03-10T08:33:57,2018-03-10T08:34:29,Kitchen
7,03,2018-03-10T08:35:01,2018-03-10T08:37:41,Balcony
8,03,2018-03-10T08:38:48,2018-03-10T08:47:18,Kitchen
9,03,2018-03-10T08:47:50,2018-03-10T08:47:50,Bathroom
10,03,2018-03-10T08:48:22,2018-03-10T08:50:11,Kitchen
11,03,2018-03-10T08:50:43,2018-03-10T08:51:15,Otherrooms
12,03,2018-03-10T08:51:47,2018-03-10T08:52:19,Bathroom
13,03,2018-03-10T08:52:51,2018-03-10T08:52:51,Kitchen
14,03,2018-03-10T08:53:23,2018-03-10T08:54:27,Otherrooms
15,03,2018-03-10T09:22:33,2018-03-10T09:31:18,Shop
16,03,2018-03-10T09:31:50,2018-03-10T09:33:58,Pathways
17,03,2018-03-10T09:34:30,2018-03-10T09:35:02,Otherrooms
18,03,2018-03-10T09:35:34,2018-03-10T09:36:06,Kitchen
19,03,2018-03-10T11:02:13,2018-03-10T11:04:42,Otherrooms
20,03,2018-03-10T11:05:14,2018-03-10T11:05:14,Livingroom
21,03,2018-03-10T11:05:46,2018-03-10T11:08:58,Office
22,03,2018-03-10T11:09:30,2018-03-10T11:09:30,Otherrooms
23,03,2018-03-10T11:10:02,2018-03-10T11:10:02,Bathroom
24,03,2018-03-10T11:10:34,2018-03-10T11:10:34,Otherrooms
25,03,2018-03-10T11:11:06,2018-03-10T12:03:48,Office
26,03,2018-03-10T12:05:05,2018-03-10T12:41:34,Kitchen
27,03,2018-03-10T12:43:10,2018-03-10T12:43:10,Otherrooms
28,03,2018-03-10T12:43:42,2018-03-10T12:44:46,Kitchen
29,03,2018-03-10T12:45:31,2018-03-10T12:55:07,Restaurant/Bar
30,03,2018-03-10T12:55:39,2018-03-10T12:57:15,Kitchen
31,03,2018-03-10T12:57:47,2018-03-10T12:57:47,Otherrooms
32,03,2018-03-10T12:58:19,2018-03-10T12:58:51,Kitchen
33,03,2018-03-10T12:59:23,2018-03-10T12:59:23,Otherrooms
34,03,2018-03-10T12:59:55,2018-03-10T12:59:55,Kitchen
35,03,2018-03-10T13:02:45,2018-03-10T13:03:17,Livingroom
36,03,2018-03-10T13:05:38,2018-03-10T13:05:38,Otherrooms
37,03,2018-03-10T13:06:10,2018-03-10T13:08:18,Pathways
38,03,2018-03-10T13:08:50,2018-03-10T13:12:34,Shop
39,03,2018-03-10T13:13:06,2018-03-10T13:15:14,Pathways
40,03,2018-03-10T13:16:18,2018-03-10T13:16:18,Otherrooms
41,03,2018-03-10T13:16:50,2018-03-10T13:16:50,Livingroom
42,03,2018-03-10T13:17:22,2018-03-10T13:18:26,Kitchen
43,03,2018-03-10T13:19:30,2018-03-10T13:31:59,Office
44,03,2018-03-10T13:32:31,2018-03-10T13:35:11,Balcony
45,03,2018-03-10T13:35:43,2018-03-10T13:36:15,Kitchen
46,03,2018-03-10T13:36:47,2018-03-10T13:36:47,Otherrooms
47,03,2018-03-10T13:37:19,2018-03-10T13:37:51,Office
48,03,2018-03-10T13:53:07,2018-03-10T13:54:13,Otherrooms
49,03,2018-03-10T13:54:44,2018-03-10T13:55:48,Pathways
50,03,2018-03-10T13:56:20,2018-03-10T14:13:22,Transportation
51,03,2018-03-10T14:14:07,2018-03-10T14:23:17,Pathways
52,03,2018-03-10T14:23:49,2018-03-10T14:27:21,Mountains/hills/desert/sky
53,03,2018-03-10T14:27:24,2018-03-10T14:27:56,Pathways
54,03,2018-03-10T14:28:28,2018-03-10T14:28:28,Mountains/hills/desert/sky
55,03,2018-03-10T14:29:46,2018-03-10T14:34:15,Pathways
56,03,2018-03-10T14:34:46,2018-03-10T15:08:44,Beach
57,03,2018-03-10T15:09:16,2018-03-10T15:18:33,Recreation
58,03,2018-03-10T15:20:31,2018-03-10T15:20:31,Beach
59,03,2018-03-10T15:21:03,2018-03-10T15:21:03,Mountains/hills/desert/sky
60,03,2018-03-10T15:21:35,2018-03-10T15:23:11,Beach
61,03,2018-03-10T15:23:43,2018-03-10T15:24:15,Mountains/hills/desert/sky
62,03,2018-03-10T15:25:20,2018-03-10T15:53:49,Beach
63,03,2018-03-10T15:54:21,2018-03-10T15:55:38,Pathways
64,03,2018-03-10T15:56:10,2018-03-10T15:56:42,Beach
65,03,2018-03-10T15:57:14,2018-03-10T16:11:30,Pathways
66,03,2018-03-10T16:12:02,2018-03-10T16:21:52,Beach
67,03,2018-03-10T16:22:24,2018-03-10T16:23:28,Pathways
68,03,2018-03-10T16:24:00,2018-03-10T16:44:29,Transportation
69,03,2018-03-10T16:45:01,2018-03-10T16:49:49,Kitchen
70,03,2018-03-10T18:58:04,2018-03-10T18:58:36,Otherrooms
71,03,2018-03-10T19:00:15,2018-03-10T19:00:15,Kitchen
72,03,2018-03-10T19:03:27,2018-03-10T19:03:27,Transportation
73,03,2018-03-10T19:04:31,2018-03-10T19:44:54,Pathways
74,03,2018-03-10T20:37:46,2018-03-10T20:37:46,Otherrooms
75,03,2018-03-10T20:38:31,2018-03-10T20:48:39,Kitchen
76,03,2018-03-10T20:49:11,2018-03-10T20:50:47,Livingroom
77,03,2018-03-10T20:51:19,2018-03-10T20:51:51,Kitchen
78,03,2018-03-10T20:52:23,2018-03-10T21:05:24,Restaurant/Bar
79,03,2018-03-10T21:05:56,2018-03-10T21:09:08,Kitchen
0,04,2018-03-12T08:35:51,2018-03-12T08:48:20,Kitchen
1,04,2018-03-12T08:48:52,2018-03-12T08:54:12,Restaurant/Bar
2,04,2018-03-12T08:54:44,2018-03-12T08:54:44,Kitchen
3,04,2018-03-12T08:55:16,2018-03-12T08:57:05,Restaurant/Bar
4,04,2018-03-12T08:57:37,2018-03-12T08:59:45,Kitchen
5,04,2018-03-12T09:00:17,2018-03-12T09:04:01,Livingroom
6,04,2018-03-12T09:04:33,2018-03-12T09:08:17,Kitchen
7,04,2018-03-12T09:44:53,2018-03-12T09:45:25,Livingroom
8,04,2018-03-12T09:45:57,2018-03-12T09:45:57,Kitchen
9,04,2018-03-12T09:47:01,2018-03-12T09:47:01,Bathroom
10,04,2018-03-12T09:47:33,2018-03-12T09:48:05,Pathways
11,04,2018-03-12T09:48:37,2018-03-12T09:50:13,Kitchen
12,04,2018-03-12T09:50:45,2018-03-12T09:50:45,Otherrooms
13,04,2018-03-12T09:51:49,2018-03-12T09:51:49,Transportation
14,04,2018-03-12T09:52:21,2018-03-12T09:52:21,Others
15,04,2018-03-12T09:52:53,2018-03-12T09:54:29,Pathways
16,04,2018-03-12T09:55:01,2018-03-12T10:16:02,Shop
17,04,2018-03-12T10:16:35,2018-03-12T10:19:15,Pathways
18,04,2018-03-12T10:19:47,2018-03-12T10:19:47,Transportation
19,04,2018-03-12T10:20:19,2018-03-12T10:20:19,Otherrooms
20,04,2018-03-12T10:20:39,2018-03-12T10:27:16,Kitchen
21,04,2018-03-12T10:27:48,2018-03-12T10:27:48,Otherrooms
22,04,2018-03-12T10:28:20,2018-03-12T10:28:20,Livingroom
23,04,2018-03-12T10:28:52,2018-03-12T10:28:52,Otherrooms
24,04,2018-03-12T10:29:24,2018-03-12T10:29:56,Livingroom
25,04,2018-03-12T10:30:28,2018-03-12T10:31:00,Transportation
26,04,2018-03-12T10:31:32,2018-03-12T10:31:32,Buildings
27,04,2018-03-12T10:32:04,2018-03-12T10:32:04,Garden
28,04,2018-03-12T10:32:36,2018-03-12T10:39:32,Pathways
29,04,2018-03-12T10:40:04,2018-03-12T12:10:45,Office
30,04,2018-03-12T12:11:17,2018-03-12T12:11:17,Pathways
31,04,2018-03-12T12:11:49,2018-03-12T12:11:49,Garden
32,04,2018-03-12T12:12:21,2018-03-12T12:19:17,Pathways
33,04,2018-03-12T12:19:49,2018-03-12T12:19:49,Transportation
34,04,2018-03-12T12:20:21,2018-03-12T12:20:53,Kitchen
35,04,2018-03-12T12:21:25,2018-03-12T12:21:57,Livingroom
36,04,2018-03-12T12:22:29,2018-03-12T12:29:06,Kitchen
37,04,2018-03-12T12:29:38,2018-03-12T12:30:10,Otherrooms
38,04,2018-03-12T12:30:42,2018-03-12T12:37:38,Kitchen
39,04,2018-03-12T12:38:10,2018-03-12T12:53:19,Restaurant/Bar
40,04,2018-03-12T12:53:51,2018-03-12T12:57:03,Kitchen
41,04,2018-03-12T13:48:07,2018-03-12T13:48:07,Transportation
42,04,2018-03-12T13:48:53,2018-03-12T13:51:33,Pathways
43,04,2018-03-12T13:52:05,2018-03-12T14:05:57,Transportation
44,04,2018-03-12T14:06:29,2018-03-12T14:23:23,Beach
45,04,2018-03-12T14:23:55,2018-03-12T14:24:59,Shop
46,04,2018-03-12T14:25:31,2018-03-12T14:47:36,Beach
47,04,2018-03-12T14:48:08,2018-03-12T14:49:12,Mountains/hills/desert/sky
48,04,2018-03-12T14:49:57,2018-03-12T14:50:29,Beach
49,04,2018-03-12T14:51:01,2018-03-12T14:51:20,Mountains/hills/desert/sky
50,04,2018-03-12T14:51:52,2018-03-12T15:07:52,Beach
51,04,2018-03-12T15:08:24,2018-03-12T15:11:17,Mountains/hills/desert/sky
52,04,2018-03-12T15:11:49,2018-03-12T15:15:01,Beach
53,04,2018-03-12T15:15:33,2018-03-12T15:28:21,Mountains/hills/desert/sky
54,04,2018-03-12T15:28:53,2018-03-12T15:28:53,Beach
55,04,2018-03-12T15:29:25,2018-03-12T15:29:25,Mountains/hills/desert/sky
56,04,2018-03-12T15:29:57,2018-03-12T15:41:54,Beach
57,04,2018-03-12T15:42:26,2018-03-12T15:43:30,Mountains/hills/desert/sky
58,04,2018-03-12T15:44:02,2018-03-12T15:51:43,Beach
59,04,2018-03-12T15:52:15,2018-03-12T15:54:55,Mountains/hills/desert/sky
60,04,2018-03-12T15:55:27,2018-03-12T15:55:27,Beach
61,04,2018-03-12T15:55:59,2018-03-12T15:56:31,Mountains/hills/desert/sky
62,04,2018-03-12T15:57:03,2018-03-12T15:57:03,Beach
63,04,2018-03-12T15:57:35,2018-03-12T15:59:43,Pathways
64,04,2018-03-12T16:00:47,2018-03-12T16:21:48,Transportation
65,04,2018-03-12T16:22:20,2018-03-12T16:23:56,Pathways
66,04,2018-03-12T16:24:27,2018-03-12T16:28:43,Office
67,04,2018-03-12T16:29:16,2018-03-12T16:32:41,Pathways
68,04,2018-03-12T16:33:12,2018-03-12T16:35:52,Transportation
69,04,2018-03-12T16:36:25,2018-03-12T16:36:57,Garden
70,04,2018-03-12T16:37:28,2018-03-12T16:39:04,Transportation
71,04,2018-03-12T16:39:36,2018-03-12T16:44:24,Pathways
72,04,2018-03-12T18:10:09,2018-03-12T18:34:03,Bedroom
73,04,2018-03-12T18:37:03,2018-03-12T18:38:07,Livingroom
74,04,2018-03-12T18:38:39,2018-03-12T18:38:39,Transportation
75,04,2018-03-12T18:39:11,2018-03-12T18:49:20,Pathways
76,04,2018-03-12T18:49:52,2018-03-12T19:12:43,Shop
77,04,2018-03-12T19:13:15,2018-03-12T19:28:11,Pathways
78,04,2018-03-12T19:28:43,2018-03-12T19:29:15,Livingroom
79,04,2018-03-12T19:29:47,2018-03-12T19:31:23,Bedroom
0,05,2018-03-13T08:38:14,2018-03-13T08:41:07,Restaurant/Bar
1,05,2018-03-13T08:41:39,2018-03-13T08:42:11,Kitchen
2,05,2018-03-13T08:42:43,2018-03-13T08:49:07,Restaurant/Bar
3,05,2018-03-13T08:49:39,2018-03-13T08:52:19,Balcony
4,05,2018-03-13T08:53:24,2018-03-13T08:53:56,Livingroom
5,05,2018-03-13T08:54:28,2018-03-13T08:54:28,Balcony
6,05,2018-03-13T08:55:32,2018-03-13T08:56:36,Livingroom
7,05,2018-03-13T08:57:08,2018-03-13T09:06:25,Bathroom
8,05,2018-03-13T09:06:57,2018-03-13T11:06:37,Office
9,05,2018-03-13T11:07:09,2018-03-13T11:07:09,Otherrooms
10,05,2018-03-13T11:07:41,2018-03-13T12:00:44,Office
11,05,2018-03-13T12:01:16,2018-03-13T12:06:36,Bedroom
12,05,2018-03-13T12:07:40,2018-03-13T12:07:40,Kitchen
13,05,2018-03-13T12:08:12,2018-03-13T12:16:12,Bedroom
14,05,2018-03-13T12:16:44,2018-03-13T12:20:41,Kitchen
15,05,2018-03-13T12:21:13,2018-03-13T12:21:13,Bedroom
16,05,2018-03-13T12:21:45,2018-03-13T12:27:37,Restaurant/Bar
17,05,2018-03-13T12:28:41,2018-03-13T12:41:20,Bedroom
18,05,2018-03-13T12:41:52,2018-03-13T12:47:12,Kitchen
19,05,2018-03-13T12:48:49,2018-03-13T12:52:02,Bedroom
20,05,2018-03-13T12:52:34,2018-03-13T12:52:34,Kitchen
21,05,2018-03-13T12:53:38,2018-03-13T13:05:35,Bedroom
22,05,2018-03-13T13:06:07,2018-03-13T13:06:39,Kitchen
23,05,2018-03-13T13:07:11,2018-03-13T13:08:15,Bedroom
24,05,2018-03-13T13:09:19,2018-03-13T13:09:19,Otherrooms
25,05,2018-03-13T13:10:55,2018-03-13T13:11:59,Bedroom
26,05,2018-03-13T13:12:31,2018-03-13T13:24:28,Pathways
27,05,2018-03-13T13:25:00,2018-03-13T15:30:33,Office
28,05,2018-03-13T15:31:05,2018-03-13T15:31:43,Pathways
29,05,2018-03-13T15:32:14,2018-03-13T15:32:46,Bathroom
30,05,2018-03-13T15:33:18,2018-03-13T15:34:22,Pathways
31,05,2018-03-13T15:34:54,2018-03-13T16:13:08,Office
32,05,2018-03-13T16:13:40,2018-03-13T16:53:13,Pathways
33,05,2018-03-13T16:53:45,2018-03-13T16:54:17,Transportation
34,05,2018-03-13T16:54:49,2018-03-13T16:55:53,Otherrooms
35,05,2018-03-13T16:56:25,2018-03-13T16:58:02,Kitchen
36,05,2018-03-13T16:58:34,2018-03-13T17:08:54,Livingroom
37,05,2018-03-13T17:09:26,2018-03-13T17:22:14,Pathways
38,05,2018-03-13T17:22:46,2018-03-13T17:23:50,Transportation
39,05,2018-03-13T17:24:22,2018-03-13T17:24:22,Pathways
40,05,2018-03-13T17:24:54,2018-03-13T18:45:14,Restaurant/Bar
41,05,2018-03-13T18:45:46,2018-03-13T18:46:18,Pathways
42,05,2018-03-13T18:46:50,2018-03-13T18:55:03,Shop
43,05,2018-03-13T18:55:35,2018-03-13T19:15:32,Pathways
44,05,2018-03-13T19:16:04,2018-03-13T19:16:04,Transportation
45,05,2018-03-13T19:16:36,2018-03-13T19:16:36,Livingroom
0,06,2018-03-14T08:26:46,2018-03-14T08:43:31,Kitchen
1,06,2018-03-14T08:44:03,2018-03-14T08:49:04,Restaurant/Bar
2,06,2018-03-14T08:49:36,2018-03-14T08:49:36,Kitchen
3,06,2018-03-14T08:50:08,2018-03-14T08:51:12,Livingroom
4,06,2018-03-14T08:51:44,2018-03-14T08:51:44,Kitchen
5,06,2018-03-14T08:52:16,2018-03-14T08:52:48,Livingroom
6,06,2018-03-14T08:53:20,2018-03-14T08:55:28,Kitchen
7,06,2018-03-14T08:56:00,2018-03-14T08:56:00,Livingroom
8,06,2018-03-14T08:56:32,2018-03-14T09:00:48,Balcony
9,06,2018-03-14T09:01:20,2018-03-14T09:01:20,Livingroom
10,06,2018-03-14T09:01:52,2018-03-14T09:02:56,Kitchen
11,06,2018-03-14T10:06:46,2018-03-14T10:06:46,Transportation
12,06,2018-03-14T10:07:18,2018-03-14T10:28:51,Pathways
13,06,2018-03-14T10:29:23,2018-03-14T10:43:28,Office
14,06,2018-03-14T10:44:00,2018-03-14T10:46:40,Pathways
15,06,2018-03-14T10:47:12,2018-03-14T12:16:17,Office
16,06,2018-03-14T12:16:49,2018-03-14T12:23:13,Pathways
17,06,2018-03-14T12:23:45,2018-03-14T12:23:45,Transportation
18,06,2018-03-14T12:24:49,2018-03-14T12:35:42,Kitchen
19,06,2018-03-14T12:36:14,2018-03-14T12:36:14,Livingroom
20,06,2018-03-14T12:36:46,2018-03-14T12:37:18,Kitchen
21,06,2018-03-14T12:37:50,2018-03-14T12:37:50,Livingroom
22,06,2018-03-14T12:38:22,2018-03-14T12:38:22,Kitchen
23,06,2018-03-14T12:39:26,2018-03-14T12:47:26,Restaurant/Bar
24,06,2018-03-14T12:47:58,2018-03-14T12:52:14,Kitchen
25,06,2018-03-14T12:52:46,2018-03-14T12:55:26,Livingroom
26,06,2018-03-14T12:57:15,2018-03-14T12:57:15,Kitchen
27,06,2018-03-14T12:57:47,2018-03-14T12:57:47,Balcony
28,06,2018-03-14T12:58:19,2018-03-14T13:00:59,Livingroom
29,06,2018-03-14T13:01:31,2018-03-14T13:01:31,Kitchen
30,06,2018-03-14T13:02:03,2018-03-14T13:04:11,Livingroom
31,06,2018-03-14T13:04:43,2018-03-14T13:05:15,Kitchen
32,06,2018-03-14T13:05:47,2018-03-14T13:13:15,Livingroom
33,06,2018-03-14T13:13:47,2018-03-14T13:14:19,Kitchen
34,06,2018-03-14T13:14:51,2018-03-14T13:14:51,Livingroom
35,06,2018-03-14T13:15:55,2018-03-14T13:15:55,Transportation
36,06,2018-03-14T13:16:40,2018-03-14T13:28:08,Pathways
37,06,2018-03-14T13:28:40,2018-03-14T14:26:54,Office
38,06,2018-03-14T14:27:26,2018-03-14T14:28:30,Pathways
39,06,2018-03-14T14:29:02,2018-03-14T14:29:34,Bathroom
40,06,2018-03-14T14:30:06,2018-03-14T14:30:06,Buildings
41,06,2018-03-14T14:30:38,2018-03-14T14:31:42,Pathways
42,06,2018-03-14T14:32:14,2018-03-14T15:30:29,Office
43,06,2018-03-14T15:31:01,2018-03-14T15:38:29,Pathways
44,06,2018-03-14T15:39:01,2018-03-14T15:39:01,Transportation
45,06,2018-03-14T15:39:46,2018-03-14T15:39:46,Pathways
46,06,2018-03-14T15:40:18,2018-03-14T15:42:58,Kitchen
47,06,2018-03-14T15:44:02,2018-03-14T15:48:50,Livingroom
48,06,2018-03-14T15:49:22,2018-03-14T15:49:22,Kitchen
49,06,2018-03-14T15:49:54,2018-03-14T15:49:54,Livingroom
50,06,2018-03-14T15:50:26,2018-03-14T15:51:30,Kitchen
51,06,2018-03-14T15:52:02,2018-03-14T15:57:22,Livingroom
52,06,2018-03-14T15:58:58,2018-03-14T15:58:58,Kitchen
53,06,2018-03-14T16:16:42,2018-03-14T17:46:38,Bedroom
54,06,2018-03-14T18:46:39,2018-03-14T18:48:15,Bathroom
55,06,2018-03-14T18:49:19,2018-03-14T18:49:19,Kitchen
56,06,2018-03-14T18:49:51,2018-03-14T18:49:51,Transportation
57,06,2018-03-14T18:50:23,2018-03-14T18:58:23,Pathways
58,06,2018-03-14T18:58:55,2018-03-14T20:35:01,Restaurant/Bar
59,06,2018-03-14T20:36:05,2018-03-14T20:45:41,Pathways
60,06,2018-03-14T20:46:13,2018-03-14T21:22:55,Restaurant/Bar
61,06,2018-03-14T21:23:27,2018-03-14T21:29:32,Pathways
62,06,2018-03-14T21:30:00,2018-03-14T21:55:49,Transportation
63,06,2018-03-14T21:56:21,2018-03-14T23:51:03,Restaurant/Bar
64,06,2018-03-14T23:51:35,2018-03-14T23:53:24,Pathways
65,06,2018-03-14T23:54:10,2018-03-14T23:57:22,Transportation
0,07,2018-03-15T00:00:02,2018-03-15T00:13:04,Transportation
1,07,2018-03-15T08:56:24,2018-03-15T08:58:45,Kitchen
2,07,2018-03-15T08:59:17,2018-03-15T08:59:17,Others
3,07,2018-03-15T08:59:49,2018-03-15T09:08:21,Kitchen
4,07,2018-03-15T09:08:53,2018-03-15T09:08:53,Livingroom
5,07,2018-03-15T09:09:25,2018-03-15T09:12:06,Kitchen
6,07,2018-03-15T09:12:38,2018-03-15T09:15:18,Restaurant/Bar
7,07,2018-03-15T09:15:50,2018-03-15T09:16:22,Kitchen
8,07,2018-03-15T09:16:54,2018-03-15T09:20:51,Restaurant/Bar
9,07,2018-03-15T09:21:23,2018-03-15T09:22:27,Kitchen
10,07,2018-03-15T09:22:59,2018-03-15T09:25:07,Balcony
11,07,2018-03-15T09:26:11,2018-03-15T09:32:03,Kitchen
12,07,2018-03-15T09:33:39,2018-03-15T09:33:39,Bedroom
13,07,2018-03-15T09:34:43,2018-03-15T09:34:43,Kitchen
14,07,2018-03-15T09:35:47,2018-03-15T10:30:47,Livingroom
15,07,2018-03-15T10:31:19,2018-03-15T10:31:19,Transportation
16,07,2018-03-15T10:32:23,2018-03-15T10:33:59,Pathways
17,07,2018-03-15T10:34:31,2018-03-15T10:55:00,Shop
18,07,2018-03-15T10:55:32,2018-03-15T10:58:12,Pathways
19,07,2018-03-15T10:58:44,2018-03-15T10:58:44,Transportation
20,07,2018-03-15T10:59:48,2018-03-15T11:00:20,Kitchen
21,07,2018-03-15T11:00:52,2018-03-15T11:00:52,Bathroom
22,07,2018-03-15T11:01:24,2018-03-15T11:01:56,Kitchen
23,07,2018-03-15T11:03:00,2018-03-15T11:03:32,Others
24,07,2018-03-15T11:04:04,2018-03-15T12:19:14,Office
25,07,2018-03-15T13:19:18,2018-03-15T13:19:50,Kitchen
26,07,2018-03-15T13:20:22,2018-03-15T13:27:18,Livingroom
27,07,2018-03-15T13:27:50,2018-03-15T13:29:26,Kitchen
28,07,2018-03-15T13:29:58,2018-03-15T13:34:14,Livingroom
29,07,2018-03-15T13:34:46,2018-03-15T13:37:58,Balcony
30,07,2018-03-15T13:38:30,2018-03-15T13:38:30,Kitchen
31,07,2018-03-15T13:39:15,2018-03-15T13:44:01,Bedroom
32,07,2018-03-15T13:44:33,2018-03-15T13:44:33,Kitchen
33,07,2018-03-15T13:45:05,2018-03-15T13:45:05,Transportation
34,07,2018-03-15T13:45:37,2018-03-15T13:49:21,Pathways
35,07,2018-03-15T13:49:53,2018-03-15T13:50:25,Shop
36,07,2018-03-15T13:50:57,2018-03-15T13:53:05,Pathways
37,07,2018-03-15T13:53:37,2018-03-15T14:56:09,Education/science
38,07,2018-03-15T14:56:41,2018-03-15T14:59:21,Pathways
39,07,2018-03-15T14:59:53,2018-03-15T14:59:53,Others
40,07,2018-03-15T15:00:25,2018-03-15T15:00:25,Transportation
41,07,2018-03-15T15:01:10,2018-03-15T15:01:42,Pathways
42,07,2018-03-15T15:02:14,2018-03-15T15:05:26,Kitchen
43,07,2018-03-15T15:05:58,2018-03-15T15:05:58,Bedroom
44,07,2018-03-15T15:10:46,2018-03-15T15:17:42,Pathways
45,07,2018-03-15T15:18:14,2018-03-15T15:18:46,Transportation
46,07,2018-03-15T15:19:18,2018-03-15T15:49:36,Pathways
47,07,2018-03-15T15:50:08,2018-03-15T15:55:28,Garden
48,07,2018-03-15T15:56:00,2018-03-15T16:11:41,Mountains/hills/desert/sky
49,07,2018-03-15T16:13:17,2018-03-15T16:41:14,Garden
50,07,2018-03-15T16:41:46,2018-03-15T16:56:23,Mountains/hills/desert/sky
51,07,2018-03-15T16:56:55,2018-03-15T17:13:23,Garden
52,07,2018-03-15T17:13:55,2018-03-15T17:14:59,Pathways
53,07,2018-03-15T17:15:31,2018-03-15T17:22:27,Garden
54,07,2018-03-15T17:22:59,2018-03-15T17:34:24,Pathways
55,07,2018-03-15T17:34:56,2018-03-15T17:37:04,Garden
56,07,2018-03-15T17:37:36,2018-03-15T17:49:01,Mountains/hills/desert/sky
57,07,2018-03-15T17:49:33,2018-03-15T17:50:05,Garden
58,07,2018-03-15T17:51:09,2018-03-15T17:51:09,Otherrooms
59,07,2018-03-15T17:52:45,2018-03-15T17:58:05,Garden
60,07,2018-03-15T17:58:37,2018-03-15T18:28:55,Pathways
61,07,2018-03-15T18:29:27,2018-03-15T18:34:15,Otherrooms
62,07,2018-03-15T18:34:47,2018-03-15T19:00:36,Pathways
63,07,2018-03-15T19:01:08,2018-03-15T19:13:38,Museum
64,07,2018-03-15T19:14:10,2018-03-15T19:22:10,Pathways
65,07,2018-03-15T19:22:42,2018-03-15T19:29:51,Transportation
66,07,2018-03-15T19:30:23,2018-03-15T19:30:23,Otherrooms
67,07,2018-03-15T19:30:55,2018-03-15T19:30:55,Kitchen
68,07,2018-03-15T19:31:27,2018-03-15T19:40:24,Bedroom
0,08,2018-03-08T09:42:00,2018-03-08T09:42:32,Transportation
1,08,2018-03-08T09:43:04,2018-03-08T09:45:12,Pathways
2,08,2018-03-08T09:45:44,2018-03-08T09:56:24,Shop
3,08,2018-03-08T09:56:56,2018-03-08T09:59:04,Pathways
4,08,2018-03-08T09:59:37,2018-03-08T10:00:09,Transportation
5,08,2018-03-08T10:00:41,2018-03-08T10:01:13,Kitchen
6,08,2018-03-08T10:01:45,2018-03-08T10:21:10,Office
7,08,2018-03-08T10:21:42,2018-03-08T10:22:59,Kitchen
8,08,2018-03-08T10:23:31,2018-03-08T10:27:47,Office
9,08,2018-03-08T10:28:19,2018-03-08T10:28:51,Kitchen
10,08,2018-03-08T10:29:23,2018-03-08T10:32:03,Office
11,08,2018-03-08T10:32:35,2018-03-08T10:32:35,Kitchen
12,08,2018-03-08T10:33:07,2018-03-08T10:35:47,Office
13,08,2018-03-08T10:36:19,2018-03-08T10:36:19,Balcony
14,08,2018-03-08T10:37:23,2018-03-08T10:37:55,Office
15,08,2018-03-08T10:38:27,2018-03-08T10:38:27,Kitchen
16,08,2018-03-08T10:38:59,2018-03-08T10:54:40,Office
17,08,2018-03-08T10:55:12,2018-03-08T10:55:44,Bedroom
18,08,2018-03-08T10:57:20,2018-03-08T10:57:20,Others
19,08,2018-03-08T10:57:52,2018-03-08T10:57:52,Transportation
20,08,2018-03-08T10:58:24,2018-03-08T11:20:31,Pathways
21,08,2018-03-08T11:21:03,2018-03-08T12:39:15,Office
22,08,2018-03-08T12:39:47,2018-03-08T12:50:40,Pathways
23,08,2018-03-08T12:51:12,2018-03-08T12:51:12,Transportation
24,08,2018-03-08T12:51:44,2018-03-08T12:51:44,Bedroom
25,08,2018-03-08T12:52:16,2018-03-08T12:57:36,Kitchen
26,08,2018-03-08T12:58:08,2018-03-08T12:59:44,Livingroom
27,08,2018-03-08T13:00:16,2018-03-08T13:02:56,Kitchen
28,08,2018-03-08T13:03:28,2018-03-08T13:11:40,Restaurant/Bar
29,08,2018-03-08T13:12:13,2018-03-08T13:13:49,Kitchen
30,08,2018-03-08T13:14:21,2018-03-08T13:14:21,Livingroom
31,08,2018-03-08T13:14:53,2018-03-08T13:14:53,Kitchen
32,08,2018-03-08T13:15:21,2018-03-08T13:20:41,Livingroom
33,08,2018-03-08T13:21:13,2018-03-08T13:21:13,Kitchen
34,08,2018-03-08T13:21:46,2018-03-08T13:39:34,Livingroom
35,08,2018-03-08T13:40:06,2018-03-08T13:40:38,Kitchen
36,08,2018-03-08T13:41:10,2018-03-08T13:46:30,Livingroom
37,08,2018-03-08T13:47:02,2018-03-08T13:47:02,Kitchen
38,08,2018-03-08T13:47:47,2018-03-08T14:04:55,Livingroom
39,08,2018-03-08T14:05:27,2018-03-08T14:05:27,Kitchen
40,08,2018-03-08T14:07:04,2018-03-08T14:07:04,Transportation
41,08,2018-03-08T14:08:21,2018-03-08T14:09:25,Pathways
42,08,2018-03-08T14:09:57,2018-03-08T14:15:24,Transportation
43,08,2018-03-08T14:15:56,2018-03-08T14:17:00,Garden
44,08,2018-03-08T14:17:32,2018-03-08T14:18:04,Pathways
45,08,2018-03-08T14:18:36,2018-03-08T14:19:08,Restaurant/Bar
46,08,2018-03-08T14:19:40,2018-03-08T14:21:48,Pathways
47,08,2018-03-08T14:22:20,2018-03-08T14:24:28,Hospital
48,08,2018-03-08T14:25:00,2018-03-08T14:25:32,Pathways
49,08,2018-03-08T14:26:04,2018-03-08T14:27:53,Hospital
50,08,2018-03-08T14:28:25,2018-03-08T14:30:01,Pathways
51,08,2018-03-08T14:30:33,2018-03-08T14:31:05,Shop
52,08,2018-03-08T14:31:37,2018-03-08T14:38:01,Pathways
53,08,2018-03-08T14:38:33,2018-03-08T15:20:15,Office
54,08,2018-03-08T15:20:47,2018-03-08T15:20:47,Pathways
55,08,2018-03-08T15:21:19,2018-03-08T16:23:18,Office
56,08,2018-03-08T16:23:50,2018-03-08T16:24:54,Pathways
57,08,2018-03-08T16:25:26,2018-03-08T16:40:03,Office
58,08,2018-03-08T16:40:35,2018-03-08T16:40:35,Others
59,08,2018-03-08T16:41:07,2018-03-08T16:57:52,Office
60,08,2018-03-08T16:58:56,2018-03-08T17:02:08,Pathways
61,08,2018-03-08T17:02:40,2018-03-08T17:07:28,Transportation
62,08,2018-03-08T17:08:00,2018-03-08T17:14:05,Pathways
63,08,2018-03-08T17:14:37,2018-03-08T17:15:09,Transportation
64,08,2018-03-08T17:15:41,2018-03-08T17:15:41,Otherrooms
65,08,2018-03-08T17:16:13,2018-03-08T17:17:49,Kitchen
66,08,2018-03-08T17:20:29,2018-03-08T17:20:29,Balcony
67,08,2018-03-08T17:21:01,2018-03-08T17:21:01,Kitchen
68,08,2018-03-08T17:21:33,2018-03-08T17:23:41,Livingroom
69,08,2018-03-08T17:24:13,2018-03-08T17:25:49,Kitchen
70,08,2018-03-08T17:27:25,2018-03-08T17:35:38,Livingroom
71,08,2018-03-08T17:55:47,2018-03-08T17:58:59,Pathways
72,08,2018-03-08T17:59:31,2018-03-08T18:02:11,Shop
73,08,2018-03-08T18:02:43,2018-03-08T18:08:35,Pathways
74,08,2018-03-08T18:09:07,2018-03-08T18:09:07,Transportation
75,08,2018-03-08T18:09:39,2018-03-08T18:09:39,Others
76,08,2018-03-08T18:10:11,2018-03-08T18:10:11,Pathways
77,08,2018-03-08T18:10:43,2018-03-08T18:10:43,Others
78,08,2018-03-08T18:11:15,2018-03-08T18:12:19,Bedroom
0,09,2018-03-09T08:18:35,2018-03-09T08:29:28,Kitchen
1,09,2018-03-09T08:30:00,2018-03-09T08:30:00,Otherrooms
2,09,2018-03-09T08:30:32,2018-03-09T08:30:32,Kitchen
3,09,2018-03-09T08:31:04,2018-03-09T08:31:04,Otherrooms
4,09,2018-03-09T08:31:36,2018-03-09T08:32:08,Kitchen
5,09,2018-03-09T08:32:40,2018-03-09T08:32:40,Otherrooms
6,09,2018-03-09T08:33:12,2018-03-09T08:33:44,Kitchen
7,09,2018-03-09T08:34:16,2018-03-09T08:40:21,Restaurant/Bar
8,09,2018-03-09T08:40:53,2018-03-09T08:44:05,Kitchen
9,09,2018-03-09T08:44:37,2018-03-09T08:45:09,Livingroom
10,09,2018-03-09T08:45:41,2018-03-09T08:48:21,Balcony
11,09,2018-03-09T08:48:53,2018-03-09T08:48:53,Livingroom
12,09,2018-03-09T08:49:25,2018-03-09T08:50:29,Kitchen
13,09,2018-03-09T09:25:33,2018-03-09T09:25:33,Transportation
14,09,2018-03-09T09:26:05,2018-03-09T09:28:45,Pathways
15,09,2018-03-09T09:29:17,2018-03-09T09:52:58,Shop
16,09,2018-03-09T09:53:30,2018-03-09T09:56:10,Pathways
17,09,2018-03-09T09:56:42,2018-03-09T09:56:42,Transportation
18,09,2018-03-09T09:57:14,2018-03-09T09:58:18,Kitchen
19,09,2018-03-09T09:58:50,2018-03-09T10:00:27,Otherrooms
20,09,2018-03-09T10:02:45,2018-03-09T10:03:49,Pathways
21,09,2018-03-09T10:04:21,2018-03-09T10:08:50,Transportation
22,09,2018-03-09T10:09:22,2018-03-09T10:12:02,Pathways
23,09,2018-03-09T10:12:22,2018-03-09T11:15:57,Office
24,09,2018-03-09T11:16:29,2018-03-09T11:16:29,Others
25,09,2018-03-09T11:17:01,2018-03-09T11:37:29,Office
26,09,2018-03-09T11:38:02,2018-03-09T11:50:03,Pathways
27,09,2018-03-09T11:50:35,2018-03-09T11:52:43,Shop
28,09,2018-03-09T11:53:15,2018-03-09T11:53:15,Buildings
29,09,2018-03-09T11:53:47,2018-03-09T11:54:51,Pathways
30,09,2018-03-09T11:55:23,2018-03-09T11:55:23,Transportation
31,09,2018-03-09T11:55:55,2018-03-09T11:55:55,Others
32,09,2018-03-09T11:56:27,2018-03-09T12:19:03,Kitchen
33,09,2018-03-09T12:19:35,2018-03-09T12:28:52,Restaurant/Bar
34,09,2018-03-09T12:29:24,2018-03-09T12:50:25,Livingroom
35,09,2018-03-09T12:50:57,2018-03-09T12:58:57,Kitchen
36,09,2018-03-09T12:59:29,2018-03-09T12:59:29,Bathroom
37,09,2018-03-09T13:01:05,2018-03-09T13:04:49,Livingroom
38,09,2018-03-09T13:05:21,2018-03-09T13:05:53,Kitchen
39,09,2018-03-09T13:06:25,2018-03-09T13:38:51,Livingroom
40,09,2018-03-09T13:39:23,2018-03-09T13:40:48,Otherrooms
41,09,2018-03-09T13:41:20,2018-03-09T13:52:13,Livingroom
42,09,2018-03-09T13:52:45,2018-03-09T13:53:17,Kitchen
43,09,2018-03-09T13:53:49,2018-03-09T13:54:21,Livingroom
44,09,2018-03-09T13:54:53,2018-03-09T13:54:53,Otherrooms
45,09,2018-03-09T13:55:31,2018-03-09T14:05:33,Livingroom
46,09,2018-03-09T14:06:05,2018-03-09T14:06:05,Kitchen
47,09,2018-03-09T14:06:37,2018-03-09T14:06:37,Transportation
48,09,2018-03-09T14:07:09,2018-03-09T14:10:34,Pathways
49,09,2018-03-09T14:11:06,2018-03-09T14:14:50,Restaurant/Bar
50,09,2018-03-09T14:15:22,2018-03-09T14:18:34,Pathways
51,09,2018-03-09T14:19:06,2018-03-09T14:29:14,Transportation
52,09,2018-03-09T14:29:46,2018-03-09T14:37:43,Pathways
53,09,2018-03-09T14:38:15,2018-03-09T14:48:23,Bedroom
54,09,2018-03-09T14:49:27,2018-03-09T14:51:16,Garden
55,09,2018-03-09T14:51:48,2018-03-09T15:15:09,Beach
56,09,2018-03-09T15:15:41,2018-03-09T15:16:13,Pathways
57,09,2018-03-09T15:16:45,2018-03-09T15:17:49,Beach
58,09,2018-03-09T15:18:21,2018-03-09T15:18:21,Mountains/hills/desert/sky
59,09,2018-03-09T15:18:53,2018-03-09T15:54:22,Pathways
60,09,2018-03-09T15:54:54,2018-03-09T15:54:54,Transportation
61,09,2018-03-09T15:55:26,2018-03-09T15:55:26,Others
62,09,2018-03-09T15:55:58,2018-03-09T16:03:58,Livingroom
63,09,2018-03-09T16:04:30,2018-03-09T16:04:30,Otherrooms
64,09,2018-03-09T16:05:29,2018-03-09T16:05:29,Bathroom
65,09,2018-03-09T16:06:01,2018-03-09T16:44:44,Livingroom
66,09,2018-03-09T16:45:16,2018-03-09T16:47:24,Kitchen
67,09,2018-03-09T16:47:56,2018-03-09T16:54:01,Livingroom
68,09,2018-03-09T16:54:33,2018-03-09T16:55:37,Kitchen
69,09,2018-03-09T16:56:09,2018-03-09T21:02:02,Livingroom
70,09,2018-03-09T21:02:34,2018-03-09T21:04:42,Otherrooms
71,09,2018-03-09T21:05:46,2018-03-09T21:07:03,Pathways
72,09,2018-03-09T21:09:12,2018-03-09T21:09:34,Transportation
73,09,2018-03-09T21:10:39,2018-03-09T21:23:27,Pathways
74,09,2018-03-09T21:25:03,2018-03-09T21:25:03,Others
75,09,2018-03-09T21:25:35,2018-03-09T22:52:57,Restaurant/Bar
76,09,2018-03-09T22:53:30,2018-03-09T22:55:06,Pathways
77,09,2018-03-09T22:55:38,2018-03-09T23:10:34,Transportation
78,09,2018-03-09T23:12:44,2018-03-09T23:16:09,Kitchen
79,09,2018-03-09T23:16:41,2018-03-09T23:26:00,Livingroom
0,10,2018-03-16T09:12:35,2018-03-16T09:12:35,Transportation
1,10,2018-03-16T09:13:07,2018-03-16T09:15:15,Pathways
2,10,2018-03-16T09:15:47,2018-03-16T09:35:12,Shop
3,10,2018-03-16T09:35:44,2018-03-16T09:37:52,Pathways
4,10,2018-03-16T09:38:24,2018-03-16T09:38:24,Others
5,10,2018-03-16T09:38:56,2018-03-16T09:38:56,Transportation
6,10,2018-03-16T09:39:28,2018-03-16T09:39:28,Others
7,10,2018-03-16T09:40:00,2018-03-16T09:41:36,Kitchen
8,10,2018-03-16T10:25:55,2018-03-16T10:25:55,Bedroom
9,10,2018-03-16T10:26:40,2018-03-16T10:43:44,Office
10,10,2018-03-16T10:44:16,2018-03-16T10:44:48,Bathroom
11,10,2018-03-16T10:45:20,2018-03-16T10:45:20,Livingroom
12,10,2018-03-16T10:47:19,2018-03-16T10:48:55,Pathways
13,10,2018-03-16T10:49:27,2018-03-16T10:55:19,Transportation
14,10,2018-03-16T10:55:51,2018-03-16T11:56:45,Office
15,10,2018-03-16T11:57:17,2018-03-16T12:03:09,Pathways
16,10,2018-03-16T12:03:41,2018-03-16T12:05:49,Transportation
17,10,2018-03-16T12:06:21,2018-03-16T12:07:25,Pathways
18,10,2018-03-16T12:07:57,2018-03-16T12:07:57,Transportation
19,10,2018-03-16T12:08:42,2018-03-16T12:35:35,Kitchen
20,10,2018-03-16T12:36:07,2018-03-16T12:36:07,Otherrooms
21,10,2018-03-16T12:36:39,2018-03-16T12:36:39,Livingroom
22,10,2018-03-16T12:37:11,2018-03-16T12:38:47,Kitchen
23,10,2018-03-16T12:39:19,2018-03-16T12:44:39,Livingroom
24,10,2018-03-16T12:45:11,2018-03-16T12:45:43,Kitchen
25,10,2018-03-16T12:46:15,2018-03-16T12:50:44,Livingroom
26,10,2018-03-16T12:51:16,2018-03-16T12:52:20,Kitchen
27,10,2018-03-16T12:52:52,2018-03-16T12:53:56,Livingroom
28,10,2018-03-16T12:54:28,2018-03-16T12:55:00,Kitchen
29,10,2018-03-16T12:55:32,2018-03-16T12:57:08,Livingroom
30,10,2018-03-16T12:57:40,2018-03-16T12:59:16,Kitchen
31,10,2018-03-16T12:59:48,2018-03-16T13:06:12,Livingroom
32,10,2018-03-16T13:06:44,2018-03-16T13:06:44,Others
33,10,2018-03-16T13:07:16,2018-03-16T13:10:06,Kitchen
34,10,2018-03-16T13:11:09,2018-03-16T13:47:06,Livingroom
35,10,2018-03-16T13:47:38,2018-03-16T13:47:38,Kitchen
36,10,2018-03-16T13:48:10,2018-03-16T13:53:14,Otherrooms
37,10,2018-03-16T13:53:46,2018-03-16T13:53:46,Livingroom
38,10,2018-03-16T13:54:18,2018-03-16T13:54:18,Kitchen
39,10,2018-03-16T13:54:50,2018-03-16T13:54:50,Otherrooms
40,10,2018-03-16T14:18:24,2018-03-16T14:18:24,Kitchen
41,10,2018-03-16T14:18:56,2018-03-16T14:18:56,Transportation
42,10,2018-03-16T14:19:28,2018-03-16T14:21:36,Pathways
43,10,2018-03-16T14:22:08,2018-03-16T14:32:16,Transportation
44,10,2018-03-16T14:32:48,2018-03-16T14:34:56,Pathways
45,10,2018-03-16T14:35:28,2018-03-16T14:41:33,Otherrooms
46,10,2018-03-16T14:42:05,2018-03-16T14:46:49,Garden
47,10,2018-03-16T14:47:18,2018-03-16T14:49:56,Pathways
48,10,2018-03-16T14:50:27,2018-03-16T14:50:59,Mountains/hills/desert/sky
49,10,2018-03-16T14:51:14,2018-03-16T15:10:14,Pathways
50,10,2018-03-16T15:11:14,2018-03-16T15:48:20,Beach
51,10,2018-03-16T15:49:03,2018-03-16T15:52:47,Garden
52,10,2018-03-16T15:53:19,2018-03-16T15:59:11,Pathways
53,10,2018-03-16T15:59:43,2018-03-16T16:00:15,Otherrooms
54,10,2018-03-16T16:59:27,2018-03-16T17:06:04,Pathways
55,10,2018-03-16T17:06:25,2018-03-16T17:23:42,Transportation
56,10,2018-03-16T17:24:14,2018-03-16T17:25:18,Pathways
57,10,2018-03-16T17:25:50,2018-03-16T17:25:50,Others
58,10,2018-03-16T17:26:22,2018-03-16T17:26:22,Transportation
59,10,2018-03-16T17:26:54,2018-03-16T17:26:54,Kitchen
60,10,2018-03-16T21:08:27,2018-03-16T21:17:12,Pathways
61,10,2018-03-16T21:17:44,2018-03-16T21:17:44,Otherrooms
62,10,2018-03-16T21:18:48,2018-03-16T21:18:48,Pathways
63,10,2018-03-16T21:19:20,2018-03-16T22:55:08,Livingroom
64,10,2018-03-16T22:56:12,2018-03-16T23:09:47,Pathways
65,10,2018-03-16T23:10:19,2018-03-16T23:59:48,Beach
